term,count,kind
learning,1155,unigram
models,871,unigram
language,469,unigram
reasoning,465,unigram
diffusion,391,unigram
model,343,unigram
llm,328,unigram
optimization,322,unigram
generation,302,unigram
efficient,299,unigram
reinforcement,297,unigram
large,276,unigram
data,255,unigram
neural,243,unigram
llms,235,unigram
position,221,unigram
framework,212,unigram
alignment,211,unigram
multimodal,199,unigram
agents,188,unigram
robust,183,unigram
training,171,unigram
graph,171,unigram
adaptive,166,unigram
modeling,161,unigram
attention,160,unigram
latent,160,unigram
inference,151,unigram
visual,144,unigram
flow,141,unigram
detection,140,unigram
networks,140,unigram
time,139,unigram
scaling,138,unigram
video,135,unigram
understanding,134,unigram
policy,134,unigram
representation,129,unigram
generative,127,unigram
sparse,125,unigram
unified,117,unigram
deep,116,unigram
dynamics,116,unigram
matching,115,unigram
dynamic,112,unigram
image,112,unigram
benchmark,110,unigram
series,109,unigram
prediction,109,unigram
evaluation,107,unigram
multi-agent,106,unigram
optimal,103,unigram
gradient,103,unigram
causal,100,unigram
federated,97,unigram
agentic,96,unigram
estimation,96,unigram
memory,96,unigram
control,95,unigram
adaptation,94,unigram
vision-language,94,unigram
transformers,93,unigram
scalable,88,unigram
world,87,unigram
analysis,87,unigram
generalization,86,unigram
reward,84,unigram
foundation,83,unigram
fine-tuning,83,unigram
knowledge,83,unigram
online,82,unigram
when,82,unigram
decoding,82,unigram
hierarchical,81,unigram
vision,80,unigram
selection,80,unigram
search,79,unigram
test-time,79,unigram
benchmarking,79,unigram
representations,79,unigram
linear,78,unigram
stochastic,77,unigram
continual,77,unigram
spectral,76,unigram
bayesian,76,unigram
not,76,unigram
evaluating,75,unigram
distillation,75,unigram
systems,75,unigram
semantic,75,unigram
design,74,unigram
sampling,74,unigram
forecasting,74,unigram
agent,72,unigram
rethinking,72,unigram
compression,71,unigram
information,70,unigram
space,69,unigram
adversarial,69,unigram
geometric,68,unigram
language models,319,bigram
reinforcement learning,283,bigram
large language,199,bigram
diffusion models,112,bigram
time series,107,bigram
neural networks,96,bigram
language model,79,bigram
policy optimization,67,bigram
flow matching,67,bigram
vision-language models,60,bigram
llm agents,56,bigram
foundation models,49,bigram
representation learning,47,bigram
continual learning,45,bigram
diffusion language,45,bigram
optimal transport,42,bigram
federated learning,40,bigram
series forecasting,39,bigram
llm reasoning,37,bigram
vision language,31,bigram
anomaly detection,31,bigram
reasoning models,30,bigram
world models,30,bigram
contrastive learning,29,bigram
video generation,29,bigram
graph neural,29,bigram
generative models,29,bigram
foundation model,28,bigram
in-context learning,25,bigram
conformal prediction,25,bigram
deep learning,25,bigram
sparse attention,24,bigram
discrete diffusion,24,bigram
image generation,24,bigram
scaling laws,24,bigram
world model,22,bigram
monte carlo,22,bigram
machine learning,22,bigram
vision-language-action models,22,bigram
multimodal large,21,bigram
model merging,20,bigram
gradient descent,20,bigram
multi-agent reinforcement,20,bigram
multi-agent systems,19,bigram
preference optimization,19,bigram
llm inference,19,bigram
neural network,18,bigram
uncertainty quantification,18,bigram
diffusion model,18,bigram
offline reinforcement,18,bigram
differentially private,17,bigram
graph learning,17,bigram
large vision-language,17,bigram
low-rank adaptation,16,bigram
object detection,16,bigram
tabular data,16,bigram
video diffusion,16,bigram
gaussian splatting,16,bigram
multi-view clustering,16,bigram
spiking neural,16,bigram
data selection,16,bigram
speculative decoding,16,bigram
causal discovery,15,bigram
reward models,15,bigram
multimodal models,15,bigram
state space,15,bigram
code generation,15,bigram
synthetic data,15,bigram
sparse autoencoders,15,bigram
vision transformers,14,bigram
multimodal reasoning,14,bigram
safety alignment,14,bigram
visual reasoning,14,bigram
video understanding,14,bigram
large reasoning,13,bigram
test-time scaling,13,bigram
variational inference,13,bigram
unified framework,13,bigram
distributionally robust,13,bigram
inverse problems,13,bigram
generative modeling,13,bigram
bayesian optimization,13,bigram
point cloud,13,bigram
latent space,13,bigram
test-time adaptation,12,bigram
combinatorial optimization,12,bigram
efficient llm,12,bigram
masked diffusion,12,bigram
imitation learning,12,bigram
natural language,12,bigram
retrieval-augmented generation,12,bigram
preference learning,12,bigram
adversarial attacks,12,bigram
spatial reasoning,12,bigram
self-supervised learning,12,bigram
reward modeling,12,bigram
multimodal llms,11,bigram
mixture experts,11,bigram
neural operator,11,bigram
long video,11,bigram
